id,country_of_origin,gender,age,education_level,language_proficiency,family_size,prior_camp_years,persecution_ground,persecution_type,nexus_established,state_protection_score,internal_relocation_possible,credibility_score,risk_score,integration_score,AI_decision,human_override,processing_time_days
1,Iraq,Non-binary,27,Primary,Basic,4,2,race,violence,True,0.5474221341485881,True,0.8465067233706801,0.7215161291137149,0.5901382158030539,approve,False,108
2,Myanmar,Male,34,Tertiary,Basic,4,1,social_group,discrimination,True,0.46059158399687794,False,0.7540971837153692,0.5902905299453854,0.7938248804238308,approve,True,113
3,Eritrea,Male,37,Primary,Intermediate,2,4,political_opinion,sexual_violence,False,0.19055962952888855,False,0.5704759592552598,0.8020610771906612,0.4840564439169293,deny,False,33
4,Iraq,Non-binary,41,Tertiary,Basic,6,4,nationality,threats,True,0.3542125975909654,False,0.6953194766591374,0.6623745655279638,0.5198159738423487,approve,False,63
5,Sudan,Male,22,Secondary,Basic,3,4,nationality,discrimination,True,0.10602876843620282,True,0.652702530806667,0.620820580510621,0.5710801665762627,approve,True,133
6,Somalia,Non-binary,51,Primary,Basic,2,3,political_opinion,sexual_violence,False,0.38585854667635133,False,0.6708945518765108,1.0,0.4914411941668093,approve,True,99
7,Eritrea,Female,23,Secondary,Basic,5,4,social_group,discrimination,False,0.3675905119293808,False,0.444971245507876,0.7392966151136068,0.4084022621249804,deny,False,98
8,Eritrea,Male,19,Tertiary,Intermediate,6,2,religion,detention,True,0.0195275490701754,True,0.8888850910770996,0.7689702698802555,0.7222205228236012,approve,False,67
9,Iraq,Female,30,Secondary,Intermediate,5,0,race,detention,False,0.12573242341314542,False,0.3443412552595837,0.8345236343060757,0.5695537716198228,approve,False,55
10,Afghanistan,Non-binary,60,Primary,Intermediate,6,4,social_group,violence,True,0.2575291654884349,True,0.6055173171454284,0.9932808496586266,0.6291566119210003,approve,False,30
11,Sudan,Female,60,Secondary,Intermediate,5,8,political_opinion,violence,True,0.25487103792887605,False,0.6767589236322683,0.9828881588075187,0.4949298533849549,approve,False,33
12,Iraq,Female,28,Secondary,Intermediate,2,8,race,detention,True,0.1185784596871792,False,0.8449990239106857,0.7965233856878866,0.5272336459747344,approve,False,68
13,Sudan,Non-binary,64,Secondary,None,6,3,nationality,discrimination,False,0.35834680940282754,False,0.5533946279015303,0.7206503305847127,0.36511011941490945,deny,False,83
14,Sudan,Female,40,Secondary,Intermediate,6,2,religion,detention,False,0.3377210413410768,True,0.539165541921557,0.9528907090410398,0.779096973475921,deny,False,119
15,Somalia,Female,33,Secondary,Fluent,4,0,nationality,violence,True,0.2708596302032221,False,0.7022510311274477,0.9705443933609437,0.7079752711154885,deny,False,62
16,Eritrea,Non-binary,48,Primary,Intermediate,4,1,political_opinion,detention,True,0.18663127497624554,False,0.7298020014321109,0.7832201850618786,0.7015299202075382,approve,False,62
17,Myanmar,Female,28,Secondary,Basic,1,7,race,detention,True,0.4573060689624845,False,0.6381398987203166,0.84110410620978,0.41819909133829253,approve,False,101
18,Somalia,Non-binary,33,Secondary,Intermediate,5,0,political_opinion,discrimination,False,0.5483110669632443,False,0.6631313835546381,0.7843594540351743,0.6611062748662921,approve,False,49
19,Somalia,Female,25,Primary,Intermediate,4,7,race,sexual_violence,False,0.22746577742301943,True,0.6278749315732031,1.0,0.40901857849914536,approve,False,45
20,Sudan,Non-binary,21,Tertiary,Intermediate,1,6,social_group,violence,True,0.20817496242677688,True,0.9044251995738933,0.9472026960781733,0.7094621646661365,approve,False,50
21,Venezuela,Non-binary,57,Secondary,Basic,4,7,religion,discrimination,False,0.37368114981179945,False,0.5723461140696179,0.6474170869623063,0.6715324997679917,deny,True,100
22,Eritrea,Female,21,Secondary,Basic,5,5,social_group,detention,False,0.24629559303795207,False,0.6367863133956391,0.8051084966787185,0.7620821775584188,approve,False,119
23,Afghanistan,Female,42,Tertiary,Basic,6,8,social_group,detention,True,0.27909041990051486,False,1.0,0.9256147313525629,0.7762210701555697,approve,False,116
24,Somalia,Female,20,Secondary,Fluent,3,2,political_opinion,sexual_violence,True,0.4109479727587007,True,0.6364476044674116,1.0,0.5521466781735653,approve,False,111
25,Myanmar,Male,49,Tertiary,Advanced,5,9,religion,violence,True,0.01359658687390608,False,0.5722235902638012,0.824820005886697,0.7268962738049181,deny,False,91
26,Venezuela,Male,20,Secondary,Basic,2,3,race,violence,True,0.4977453487279004,True,0.767538449719791,0.8037532519674271,0.6907450269723088,approve,False,60
27,Venezuela,Male,44,None,Basic,4,5,race,threats,True,0.31090207864940117,False,0.3982035408058845,0.6590064086870764,0.33381255670914617,deny,False,71
28,Afghanistan,Non-binary,46,Secondary,Advanced,4,7,nationality,violence,True,0.23827602831567296,False,0.752264370838607,1.0,0.624338836545299,approve,False,41
29,Somalia,Female,49,Secondary,Basic,6,4,race,sexual_violence,False,0.28661487686678266,False,0.5328265432803329,0.98060657247721,0.42922862469785467,deny,True,149
30,Myanmar,Non-binary,36,Secondary,Basic,2,2,political_opinion,threats,True,0.2943644032530778,True,0.6110299788848731,0.8181930175816711,0.6266194344191361,deny,False,102
31,Eritrea,Male,38,Primary,Fluent,6,5,social_group,threats,True,0.04031980448326117,False,1.0,0.6973446599151544,0.7650433716596876,approve,False,32
32,Syria,Female,22,Primary,Basic,2,3,social_group,detention,True,0.5242407341179853,True,0.7203192687927179,0.9724509098230876,0.6466999143572697,approve,False,119
33,Myanmar,Non-binary,35,Primary,Intermediate,3,8,social_group,detention,True,0.30619884484059273,True,0.8293335267830465,0.8384007670266264,0.6744416068529191,approve,False,38
34,Afghanistan,Female,45,Primary,Fluent,4,2,religion,violence,True,0.3664503195671063,False,0.5875659416311031,1.0,0.4435916992919553,approve,True,129
35,Venezuela,Non-binary,59,Secondary,Intermediate,4,3,race,threats,True,0.4427324655861064,False,0.5773269395170696,0.7050415795502105,0.4952756924999532,deny,True,71
36,Eritrea,Female,39,Primary,None,3,6,political_opinion,detention,True,0.14682563136595497,True,0.07413820107718594,0.8060763099328969,0.5388792913120364,deny,True,151
37,Myanmar,Male,38,Secondary,Basic,1,6,religion,sexual_violence,True,0.3710207848552842,False,0.5285928768375869,0.887122945679631,0.6598991848192186,deny,False,107
38,Syria,Male,23,Secondary,Advanced,6,3,nationality,detention,True,0.25985383636518095,False,0.9435054779578488,0.8681206228962018,0.6441779089817974,approve,False,32
39,Syria,Female,18,Secondary,Advanced,3,5,political_opinion,detention,True,0.42701561628247403,False,0.8775419773622557,1.0,0.8280831429055882,approve,False,53
40,Sudan,Non-binary,22,Tertiary,Advanced,6,2,political_opinion,threats,False,0.0,True,0.8167730105571814,0.8148324966261432,0.8173065184368312,deny,False,102
41,Sudan,Male,58,Secondary,Basic,5,5,political_opinion,threats,True,0.28513585496380967,False,0.6466549574422921,0.7390566874132187,0.4109727713019849,approve,False,42
42,Iraq,Male,29,Secondary,Advanced,4,1,social_group,discrimination,True,0.20957690163240575,True,0.6966671686136892,0.6383121487520255,0.46014818720790657,deny,False,31
43,Afghanistan,Male,43,Secondary,Fluent,6,7,political_opinion,sexual_violence,False,0.3648394425951233,True,0.8807138323602676,0.8979903140092051,0.8030947305701264,approve,False,100
44,Somalia,Female,63,Primary,Intermediate,2,1,race,threats,True,0.3705066281052303,True,0.8148817419220922,0.9972597537138467,0.6969968013084982,approve,False,50
45,Myanmar,Female,51,Tertiary,Fluent,6,6,political_opinion,violence,True,0.1938561157766961,False,0.657616981888429,0.808945696535275,0.7587640477073423,approve,False,48
46,Myanmar,Non-binary,31,Primary,Advanced,5,8,social_group,sexual_violence,False,0.19317392037359346,True,0.7949471531756023,0.9001166158372571,0.8510562760484224,approve,False,118
47,Somalia,Non-binary,43,None,Intermediate,4,0,political_opinion,sexual_violence,True,0.28340019471640054,True,0.7398652306432001,1.0,0.6904457138255603,approve,False,76
48,Iraq,Non-binary,62,Secondary,Intermediate,3,7,nationality,threats,True,0.16550366590271878,True,0.6877349566554946,0.7592157083217654,0.5328292040614359,approve,False,51
49,Venezuela,Female,44,None,Intermediate,5,6,nationality,sexual_violence,False,0.426297554317819,False,0.7051050918180876,0.8449762139714148,0.4417498858036981,approve,False,104
50,Venezuela,Female,26,Tertiary,Basic,4,5,social_group,threats,False,0.24461891993288307,False,1.0,0.6971304648499228,0.6472340073093398,approve,False,62
51,Iraq,Non-binary,43,Secondary,Intermediate,6,5,race,detention,False,0.0,True,0.7343485810519662,0.8005275042663809,0.6318710473996714,approve,False,61
52,Venezuela,Non-binary,64,Tertiary,Intermediate,1,5,race,discrimination,True,0.24377669150672907,False,0.8589960575007984,0.6184465261271159,0.6292856973194607,approve,False,93
53,Sudan,Female,39,Secondary,Advanced,1,8,religion,detention,True,0.14421842687340414,False,0.6892914374507914,0.9696590628967453,0.675760165450538,approve,False,114
54,Myanmar,Non-binary,64,Secondary,Fluent,2,1,social_group,threats,True,0.055308627680858174,False,0.8771876743903075,0.82196745571158,0.6822151799145135,approve,False,68
55,Iraq,Male,47,Tertiary,Advanced,4,0,political_opinion,threats,True,0.11438600426661413,True,0.9190407437473456,0.6936412175502817,0.610951641282326,approve,False,113
56,Myanmar,Female,60,Primary,Basic,1,5,social_group,detention,True,0.3164112707749455,False,0.6292263510405207,0.8016921638314791,0.5348144406200548,approve,False,101
57,Somalia,Non-binary,34,Tertiary,Basic,3,9,religion,violence,True,0.4992961242372347,False,0.5470457020436714,0.9760305787797149,0.4483608924594997,deny,False,71
58,Syria,Female,43,Primary,Basic,4,7,social_group,violence,False,0.346977671079747,False,0.6309542656988176,1.0,0.5721336299985241,approve,False,38
59,Sudan,Male,53,Secondary,Intermediate,3,2,social_group,violence,True,0.20902449176763904,True,0.9693293908076455,0.7997199312155266,0.7849389466477559,approve,False,54
60,Eritrea,Female,18,Primary,Advanced,3,9,religion,threats,True,0.36838562927560536,False,0.8172953646771791,0.8180082091972882,0.7071356300996321,approve,False,118
61,Sudan,Female,25,Secondary,Fluent,1,0,race,sexual_violence,True,0.23113645346715123,False,0.9942980783607761,0.9731177121110092,0.9368334690703249,approve,False,31
62,Iraq,Female,52,Primary,Intermediate,4,8,political_opinion,threats,True,0.1958099446255283,False,0.6644482044981058,0.7827701914925118,0.4797928750514876,approve,True,107
63,Eritrea,Female,32,Tertiary,Fluent,6,0,religion,sexual_violence,True,0.12684559976505233,True,1.0,0.8964904218552834,0.7821328625267345,approve,False,49
64,Syria,Male,64,Tertiary,Advanced,5,2,nationality,detention,True,0.037225678987242106,True,0.8918901757324789,0.985952030642091,0.5228539500883045,approve,False,99
65,Iraq,Female,39,Tertiary,Intermediate,1,7,race,discrimination,True,0.2415114440160832,False,0.6573633905469152,0.6551833670703968,0.6163294589852931,approve,False,46
66,Afghanistan,Female,31,Primary,Advanced,1,2,nationality,sexual_violence,True,0.32370802348801975,False,0.7977781507198312,1.0,0.8390341693785449,approve,False,118
67,Myanmar,Non-binary,43,Secondary,Intermediate,6,3,race,violence,False,0.28550644949776655,True,0.6012455004839534,0.9195929655194033,0.6684675445546904,approve,False,97
68,Syria,Female,45,Secondary,Basic,4,7,political_opinion,threats,False,0.2376049608078962,False,0.5550679587672812,0.9214679784899943,0.7178608029030881,deny,False,113
69,Myanmar,Non-binary,40,Primary,Intermediate,4,0,political_opinion,detention,True,0.15813809089548284,True,0.7283992460938561,0.8726234321716475,0.5441927131988684,approve,False,32
70,Venezuela,Male,31,Primary,Intermediate,3,5,social_group,violence,True,0.3912369287527453,False,0.7445866410070185,0.6385408201099791,0.8243219606822398,approve,False,116
71,Afghanistan,Male,41,Secondary,Intermediate,6,0,nationality,detention,False,0.10243021200801225,False,0.5716151302384307,0.9226058849591281,0.41826524748101174,deny,False,80
72,Afghanistan,Male,19,Secondary,Intermediate,6,0,race,discrimination,False,0.41640418707652127,False,0.9080978656774314,0.750707463248288,0.8272502870172622,approve,False,111
73,Syria,Male,62,Secondary,Intermediate,4,7,political_opinion,threats,True,0.14966744716099128,False,0.8358009417450709,0.820179429601556,0.5116641741966053,approve,False,55
74,Afghanistan,Non-binary,43,Secondary,Intermediate,3,3,religion,threats,False,0.18713471439704477,True,0.6442907346583674,0.8650409113786283,0.5378370615146879,approve,False,85
75,Eritrea,Female,31,None,Intermediate,1,0,political_opinion,discrimination,True,0.07998222140764844,False,0.36936228053262365,0.7904459634696359,0.5297232000353722,deny,False,93
76,Afghanistan,Male,24,None,Intermediate,2,9,religion,threats,False,0.2247896779671545,True,0.5782643131377853,0.7707772354074781,0.744724657487264,deny,False,37
77,Myanmar,Female,20,None,Intermediate,5,6,race,sexual_violence,False,0.44629686877169683,False,0.5331084429208259,0.912532115528861,0.34664163732660686,approve,False,110
78,Myanmar,Non-binary,64,Tertiary,Intermediate,1,4,political_opinion,detention,True,0.37734421326659345,False,0.8169710685579533,0.8189231701208131,0.5019665317371937,approve,False,66
79,Iraq,Non-binary,40,None,None,4,4,political_opinion,violence,False,0.4467633168042052,False,0.345532500826665,0.7711518943615016,0.6522703672325718,deny,False,56
80,Myanmar,Non-binary,63,Primary,Intermediate,5,0,race,discrimination,True,0.37832138189009035,True,0.3988814708882485,0.8210271953970907,0.35797437932948606,deny,True,112
81,Iraq,Male,60,Primary,Basic,2,9,political_opinion,sexual_violence,False,0.1344495257204446,False,0.5417479592548262,0.7716802704392639,0.35350479988361444,deny,False,33
82,Myanmar,Female,64,Tertiary,Intermediate,2,5,religion,violence,True,0.25038161635086637,True,0.754157133339753,0.9415808393090201,0.5058662401541802,approve,False,115
83,Eritrea,Female,62,Tertiary,Advanced,3,8,political_opinion,violence,False,0.1829701306323806,True,0.9450491537161088,0.9104735041823886,0.577954947797397,approve,False,119
84,Somalia,Female,35,Secondary,Intermediate,5,8,nationality,discrimination,True,0.499586235605856,False,0.6452700488083425,0.8007732974759015,0.8242745001100185,approve,False,117
85,Iraq,Non-binary,55,Secondary,Intermediate,3,7,social_group,sexual_violence,True,0.12048170303605327,False,1.0,0.8797022645393635,0.7904880360115246,approve,False,66
86,Sudan,Male,52,Secondary,Fluent,1,4,religion,violence,True,0.4340546534083666,False,0.5632539174022364,0.8892001389655374,0.5302049321156399,deny,False,100
87,Venezuela,Non-binary,32,None,Advanced,6,0,nationality,violence,False,0.43394308051631536,True,0.8466751246703937,0.7705869332456846,0.9168754194139288,approve,False,62
88,Syria,Non-binary,42,Tertiary,Fluent,6,8,race,sexual_violence,False,0.5744430302574131,True,0.8663521543682842,1.0,0.692651874257683,approve,False,60
89,Myanmar,Female,54,Secondary,Advanced,6,0,religion,threats,False,0.23854701110557539,False,0.9289377308515334,0.8510757696390931,0.48629879609729487,approve,False,84
90,Afghanistan,Non-binary,45,Secondary,Basic,5,7,social_group,violence,False,0.4068483239370243,False,0.66197022260881,1.0,0.5125549606266608,approve,False,41
91,Somalia,Female,27,Secondary,Basic,6,4,social_group,detention,True,0.6422477754808265,True,0.8209333304038204,0.9270171613863503,0.6570872385349675,approve,False,40
92,Myanmar,Male,56,Secondary,Intermediate,1,2,race,sexual_violence,True,0.20735374845994547,False,0.6918957053170783,0.7960078776109256,0.4195193317852794,approve,False,117
93,Afghanistan,Female,34,Secondary,Basic,3,6,race,violence,True,0.06974396287014606,False,0.48520693622332817,0.9693206197318602,0.7673945393046628,approve,False,101
94,Venezuela,Male,56,Tertiary,Intermediate,5,6,religion,discrimination,True,0.017998494913835428,False,1.0,0.559812047033336,0.7867395591271094,approve,False,61
95,Venezuela,Female,39,Tertiary,Intermediate,3,8,political_opinion,detention,True,0.4069068043291997,False,0.7829779031176788,0.7772893356766177,0.5976488985610378,approve,False,86
96,Venezuela,Non-binary,43,Secondary,Intermediate,5,6,race,violence,True,0.01752746879121242,False,0.7832337710436316,0.6714214297619775,0.7039010361103333,deny,False,67
97,Afghanistan,Non-binary,61,Secondary,Advanced,3,2,political_opinion,detention,True,0.24415214205931157,False,0.9852127871067193,0.9295943399194125,0.7340933491150881,approve,True,145
98,Myanmar,Male,42,None,Advanced,2,0,nationality,detention,True,0.3655969780558441,False,0.4952067136858348,0.7579044612661592,0.7345942570370532,approve,True,136
99,Venezuela,Male,34,Secondary,Intermediate,3,7,social_group,threats,True,0.32777633052448707,True,0.8393236346458885,0.5861227871842224,0.882669307814234,approve,False,48
100,Eritrea,Male,30,None,Advanced,6,2,political_opinion,detention,True,0.36381672962762585,False,0.5615157865305663,0.8145636919507939,0.6021117764960835,deny,False,113
101,Iraq,Female,37,Secondary,Intermediate,2,7,social_group,threats,False,0.3333434783701281,False,0.7301745966533443,0.7710890037125435,0.7905023151499734,approve,False,85
102,Afghanistan,Female,42,Tertiary,Advanced,3,7,political_opinion,sexual_violence,False,0.491829871997009,False,0.8608418448076434,1.0,0.7291946394540915,approve,False,43
103,Afghanistan,Male,21,Secondary,Basic,5,4,nationality,threats,False,0.15715254288918046,True,0.42496672078295955,0.7892019739824885,0.5110682443313999,deny,False,62
104,Myanmar,Non-binary,27,Secondary,Fluent,5,0,race,discrimination,True,0.1984507292312203,False,0.7331744435769347,0.7768738746253461,0.493452275051765,approve,False,39
105,Afghanistan,Female,20,Primary,Intermediate,5,9,nationality,violence,True,0.1841010832093764,False,0.9026609338619709,1.0,0.5258051510369635,approve,False,109
106,Afghanistan,Female,58,Primary,Intermediate,4,6,race,sexual_violence,False,0.4245287717793915,True,0.8329286782877193,1.0,0.6135563458954993,approve,False,93
107,Venezuela,Female,62,Secondary,Basic,1,9,race,sexual_violence,True,0.4350597882592595,False,0.6406040634009148,0.7953929203285633,0.4095005290662543,approve,False,93
108,Myanmar,Male,35,Primary,Intermediate,5,4,social_group,discrimination,True,0.3676837978977762,False,0.7364685187769339,0.6373161961228808,0.503002168494961,approve,False,91
109,Venezuela,Male,64,Primary,Basic,2,7,nationality,threats,True,0.4775240500334892,True,0.5558636241545313,0.5827417647275102,0.5457668455076117,deny,False,97
110,Iraq,Male,53,Secondary,Basic,5,8,political_opinion,violence,True,0.12329386989354288,False,0.8534875078741974,0.7744627267538163,0.4515324989686021,approve,False,72
111,Somalia,Male,64,Secondary,Intermediate,4,6,nationality,threats,True,0.5500836167326706,False,0.7199471133308755,0.8343176777507267,0.5603752960596863,approve,False,109
112,Iraq,Male,39,Secondary,Intermediate,6,6,social_group,detention,True,0.5284857932568388,False,0.7847763138202272,0.6580553662987132,0.7067309003218738,approve,False,88
113,Somalia,Non-binary,51,None,Intermediate,2,0,race,threats,True,0.410343299586862,True,0.7719045216213097,0.8833919256958469,0.8048591134510743,approve,False,81
114,Venezuela,Non-binary,64,Secondary,Fluent,4,3,social_group,sexual_violence,True,0.567269836315659,True,0.733394277273114,0.7290036333921931,0.5213286809340165,approve,False,48
115,Iraq,Male,25,Secondary,Intermediate,6,1,religion,violence,True,0.05150651884833393,False,0.9838183776745341,0.8220972502900945,0.5618250684780755,approve,False,50
116,Myanmar,Female,57,Secondary,Intermediate,2,1,religion,threats,False,0.2213327795606022,True,0.5204307885384934,0.7743812879661652,0.5031332168236964,deny,False,51
117,Syria,Male,61,Secondary,Basic,3,1,political_opinion,violence,True,0.18970448089770714,False,0.8944463196669198,0.9527931969922248,0.7456455675417799,approve,False,38
118,Venezuela,Non-binary,36,Primary,Advanced,1,3,social_group,violence,True,0.40822189856360147,True,0.6940986624072039,0.7645175143005969,0.8706648929611718,approve,False,38
119,Somalia,Non-binary,59,Secondary,Intermediate,1,0,political_opinion,detention,False,0.14247888905967815,True,0.7135951878262078,0.9873013787506708,0.520432487463255,approve,False,102
120,Eritrea,Female,58,Secondary,Fluent,4,3,political_opinion,detention,True,0.4136242724006228,True,0.5664984743225586,0.708124677930131,0.42329031529914907,deny,False,56
121,Somalia,Non-binary,54,Tertiary,Advanced,6,1,religion,sexual_violence,True,0.505580421599507,False,0.7817807923933461,1.0,0.7668022071667095,approve,True,78
122,Eritrea,Male,23,Secondary,Intermediate,1,4,political_opinion,discrimination,True,0.4042804350125999,False,0.5940290203459674,0.644709062125115,0.44553703119740695,deny,False,73
123,Afghanistan,Female,43,Secondary,Basic,6,2,religion,violence,True,0.34256265354922516,True,0.5588530481939792,0.9773181806204159,0.6239984995764767,deny,False,74
124,Iraq,Male,51,Secondary,Advanced,6,7,race,discrimination,True,0.15181899886488762,True,0.7794033551316681,0.6863113272817816,0.582618540296475,approve,True,96
125,Eritrea,Male,62,Secondary,Advanced,4,3,social_group,sexual_violence,False,0.1729723550811953,True,0.9436687421709359,0.8056335270572115,0.4396147285648822,approve,False,109
126,Somalia,Female,23,Tertiary,Basic,4,0,political_opinion,violence,True,0.4874428357945,False,0.7311405027100938,1.0,0.562800162234888,approve,False,47
127,Afghanistan,Male,54,Secondary,Basic,4,0,religion,violence,True,0.41690235058579983,False,0.6961514980101671,0.9178126394353042,0.4759805796337081,approve,False,62
128,Syria,Non-binary,50,Secondary,Advanced,1,9,nationality,discrimination,True,0.2941470720933684,False,0.6356720916731657,0.9430759626267757,0.6429910125323753,approve,False,30
129,Myanmar,Male,39,Secondary,Basic,4,2,political_opinion,threats,True,0.2373135681351164,False,0.5178868865595905,0.6666405457611246,0.7638138108434607,deny,True,155
130,Myanmar,Female,38,Secondary,Fluent,1,8,race,detention,True,0.0,False,1.0,0.8133515550438121,0.690076017808598,approve,False,35
131,Myanmar,Female,23,Secondary,Intermediate,4,6,race,threats,True,0.13937213719733418,True,0.639719844785513,0.8548034953738699,0.7119028850034493,approve,False,70
132,Eritrea,Female,23,Tertiary,Basic,5,1,nationality,discrimination,True,0.5867128630709585,False,0.9484312378085943,0.7712660654165054,0.532944993327373,approve,False,84
133,Syria,Male,21,Secondary,Advanced,6,8,religion,detention,True,0.10793166434962997,True,0.7635408201678701,0.8227531326661621,0.6406647320830733,approve,False,34
134,Eritrea,Female,47,Secondary,Intermediate,4,9,political_opinion,threats,True,0.3284219731831621,True,0.7503431904215256,0.7730347492768365,0.4597858730811396,approve,False,88
135,Iraq,Female,28,Tertiary,Intermediate,2,1,religion,detention,True,0.4511165959792798,False,0.9605547740344894,0.8193191326924031,0.9178351060660516,approve,False,109
136,Eritrea,Male,47,None,Basic,6,2,race,violence,False,0.11176159979965614,False,0.6907838632907984,0.8418882110773294,0.7142826289678469,approve,False,47
137,Syria,Non-binary,48,Primary,None,6,9,religion,threats,True,0.32770657121716246,False,0.4833781159581368,0.8960384673403522,0.5822454965793774,deny,False,78
138,Syria,Male,41,Primary,Intermediate,4,1,race,detention,True,0.44068733062659826,False,0.6417635419717691,0.754287200509153,0.7519782551528591,approve,False,111
139,Iraq,Female,26,Tertiary,Intermediate,3,2,religion,detention,True,0.30187489828608755,False,0.791611932721668,0.8261611592868517,0.7242241198881612,approve,False,94
140,Syria,Female,20,None,Intermediate,4,5,nationality,detention,False,0.7302604583500152,True,0.6506936292348177,0.9389839655028012,0.7621409248493578,approve,False,112
141,Somalia,Male,48,None,Advanced,6,8,social_group,threats,True,0.04971011116827073,False,0.7836955530304633,0.6991330600938794,0.7247756860723797,approve,False,83
142,Syria,Non-binary,57,None,Intermediate,2,8,nationality,sexual_violence,True,0.4588092794825818,False,0.6006344788491227,0.938383703750793,0.6844029496582621,approve,False,90
143,Myanmar,Female,54,None,Basic,6,6,nationality,threats,False,0.2740797393905303,False,0.592832944703473,0.840699043009887,0.5354145061142158,deny,False,37
144,Somalia,Female,53,None,Intermediate,2,2,social_group,discrimination,False,0.41578802322550124,False,0.8457539598406411,0.8564308725202483,0.4822702062718586,approve,False,32
145,Somalia,Female,41,Secondary,Fluent,1,3,social_group,threats,True,0.36619607275488686,True,0.9071964418397177,0.8887171809643875,0.7398639510193796,approve,False,54
146,Iraq,Male,48,Secondary,Advanced,5,5,political_opinion,detention,True,0.19002657043350052,False,0.8467479284007168,0.7694512181481381,0.5151625882998098,approve,False,98
147,Sudan,Female,23,Primary,Intermediate,6,4,political_opinion,violence,False,0.334349458868901,False,0.4721633762364898,0.9818662341511536,0.5572913135937294,deny,False,84
148,Sudan,Non-binary,19,Primary,Basic,4,1,nationality,threats,False,0.021314782290256906,True,0.20539047947564046,0.9108150021360958,0.38372484457274997,deny,False,69
149,Syria,Female,37,None,Intermediate,1,5,nationality,threats,False,0.39048712508570904,False,0.6582563593845252,0.8803632263916501,0.7009041314583513,approve,False,112
150,Somalia,Female,45,Primary,Advanced,5,2,race,detention,True,0.34472376989857884,False,0.7357763653078692,0.9482724688023019,0.4411864814022232,approve,False,111
151,Sudan,Non-binary,28,Secondary,Advanced,4,7,race,violence,True,0.3957990252964653,False,0.7227825987627887,0.8491643312525992,0.5270492361672612,approve,False,79
152,Sudan,Female,21,Secondary,Intermediate,3,1,political_opinion,violence,True,0.4587177487630725,False,0.7865295306279517,0.9385308834072266,0.6311439850160331,approve,False,62
153,Syria,Male,32,None,Advanced,4,0,political_opinion,discrimination,False,0.3551429760314566,True,0.6409394406204638,0.787569207311666,0.8194343437409823,approve,False,47
154,Sudan,Male,23,Secondary,Advanced,2,8,race,threats,True,0.32221341296974143,True,0.9691670375950848,0.7813306818631536,0.6725390026086687,approve,False,86
155,Eritrea,Male,47,Primary,Basic,2,2,race,violence,True,0.16783974950080616,True,0.6129166302388467,0.8022781940570949,0.546344033945564,approve,False,45
156,Afghanistan,Non-binary,55,Tertiary,Intermediate,3,0,religion,violence,False,0.19316688545264235,False,0.6879615072394748,1.0,0.6467773242127246,approve,False,109
157,Iraq,Female,19,Secondary,Basic,1,6,religion,sexual_violence,True,0.47801019302659964,True,0.7985249358438934,0.9351720066569448,0.6694985058234332,approve,False,67
158,Afghanistan,Male,32,Secondary,Basic,5,9,race,sexual_violence,False,0.5154503108558968,True,0.6174303387580696,1.0,0.549399738399704,approve,False,70
159,Syria,Non-binary,28,Primary,Advanced,4,4,religion,violence,True,0.26428343455319186,False,0.8289805025508461,1.0,0.6559187592473097,approve,False,36
160,Myanmar,Female,25,Tertiary,Intermediate,2,4,social_group,discrimination,True,0.3069004120879911,False,0.7283883940710799,0.702948864966681,0.5212924200284678,approve,False,107
161,Iraq,Non-binary,43,None,Intermediate,1,0,political_opinion,violence,True,0.16430784375093507,False,0.5025259671753846,0.8423041807658204,0.7417046848079516,deny,False,82
162,Syria,Male,62,Primary,Basic,3,8,political_opinion,detention,False,0.47591352679011667,True,0.6126252345278544,0.8598859986430228,0.3430181321483714,approve,False,92
163,Somalia,Male,61,Primary,Intermediate,6,6,race,threats,True,0.3998125235537668,True,0.7019242965315527,0.8740980384218269,0.48093300386776033,approve,False,118
164,Myanmar,Male,22,Primary,Basic,2,7,nationality,discrimination,True,0.5911826154695623,True,0.671974055305025,0.6358390980527383,0.4048394967243002,approve,False,61
165,Afghanistan,Non-binary,23,Tertiary,Basic,3,8,race,detention,False,0.16825153842303917,False,0.6597031370035386,0.9017211816063005,0.48402162300340545,approve,False,67
166,Syria,Non-binary,43,Secondary,Intermediate,4,5,religion,discrimination,True,0.24329881514726742,False,0.4745460324344404,0.856434213942444,0.6562925826115524,deny,False,51
167,Somalia,Male,21,Primary,Basic,5,4,nationality,detention,True,0.33471688837883584,False,0.5350839174617417,0.8859208711735821,0.41450365990024846,deny,False,45
168,Iraq,Non-binary,36,Secondary,Intermediate,2,5,religion,threats,True,0.3969734306588656,True,0.8690727700715724,0.7221126508384257,0.5739401833259296,approve,False,81
169,Iraq,Male,37,Tertiary,Basic,2,1,social_group,threats,True,0.26764985436785516,False,0.655393588113534,0.6179166589934809,0.6405101357546515,approve,False,58
170,Venezuela,Male,50,Tertiary,Basic,4,3,religion,sexual_violence,True,0.16905583643194494,True,0.6630424896228178,0.8332675958811766,0.38349040402864876,approve,False,45
171,Somalia,Female,37,Secondary,Basic,6,2,social_group,detention,True,0.43221112933853567,True,0.7979564758858906,0.9071915079669126,0.5416604806963181,approve,False,105
172,Eritrea,Non-binary,29,Tertiary,Intermediate,1,6,social_group,sexual_violence,True,0.4081703043818372,False,0.6932040159111615,0.9317783037016496,0.7660462399039404,approve,False,46
173,Sudan,Male,64,Tertiary,Intermediate,5,8,religion,detention,True,0.16255888491544127,False,0.568579517263565,0.8326153075805116,0.5703068591349829,deny,False,93
174,Myanmar,Male,18,Secondary,Intermediate,2,4,religion,sexual_violence,True,0.5033164201658243,True,0.7259053320711758,0.7684332444791463,0.7592748038475716,approve,False,118
175,Somalia,Non-binary,43,None,Intermediate,5,5,social_group,threats,True,0.47552980637949055,True,0.5273739073126894,0.9040130250702962,0.7070414515750899,deny,False,42
176,Venezuela,Female,31,Secondary,Advanced,2,9,nationality,discrimination,True,0.32014447458716894,False,0.655063052037012,0.5972446162259775,0.7124383032535893,approve,False,101
177,Sudan,Female,55,Tertiary,None,5,1,social_group,sexual_violence,True,0.31193967935640543,True,0.5736932316151964,1.0,0.3361247212806294,deny,False,85
178,Sudan,Male,54,Primary,Intermediate,3,2,political_opinion,detention,True,0.38310866566738605,True,0.7737258470870175,0.7518674494040513,0.7140583574580415,approve,False,34
179,Syria,Non-binary,28,Tertiary,Advanced,2,2,social_group,detention,True,0.17074453946156126,True,0.8486067157648276,1.0,0.8376470106421553,deny,False,41
180,Sudan,Female,53,Primary,Intermediate,5,8,nationality,threats,True,0.3045047218746123,True,0.7460471609029357,0.9052916533147356,0.7151945798128132,approve,False,70
181,Eritrea,Non-binary,30,None,Intermediate,1,6,political_opinion,detention,False,0.0,True,0.8720111547773134,0.8730718262816402,0.7236246474627073,approve,True,67
182,Iraq,Non-binary,60,Primary,Fluent,3,7,race,violence,True,0.43146834682544033,False,0.7485681707663653,0.8425658324119051,0.449730860909196,approve,False,62
183,Venezuela,Male,20,None,Advanced,3,9,race,discrimination,False,0.0657760166337211,True,0.6917522951967005,0.538434952853515,0.7291186226398851,approve,False,115
184,Sudan,Female,50,Tertiary,Basic,1,8,nationality,sexual_violence,False,0.5255129742643498,False,0.6236179956101298,0.9711790211832578,0.6545980364258216,approve,False,79
185,Syria,Male,23,Tertiary,Intermediate,5,5,social_group,discrimination,True,0.25048198590503246,False,0.6730460420169541,0.8735517345408551,0.7929514579908937,approve,False,85
186,Eritrea,Female,27,Tertiary,Intermediate,4,3,religion,threats,True,0.2682499527103235,False,0.7122638519873344,0.7650252389916178,0.5014682941830213,approve,False,38
187,Afghanistan,Female,22,Secondary,Intermediate,1,0,nationality,sexual_violence,True,0.20583991408732416,False,0.6781862142717467,0.9981466963215002,0.4872546046438065,approve,False,111
188,Iraq,Female,40,Primary,Intermediate,5,7,political_opinion,sexual_violence,False,0.25679416891168855,False,0.7539213696320688,0.9332684467516416,0.5577163792340001,approve,False,79
189,Iraq,Female,27,Secondary,Intermediate,1,6,political_opinion,violence,True,0.5127797017722054,True,1.0,0.8101931598406752,0.871301621334249,approve,True,83
190,Venezuela,Female,61,Secondary,Intermediate,1,1,race,threats,True,0.0,False,0.642593484558624,0.6524968251266936,0.3832288838320683,approve,False,68
191,Iraq,Non-binary,19,Secondary,Intermediate,2,7,political_opinion,detention,True,0.4915448079132282,False,0.6875062041576806,0.7078197868915118,0.41023784216382325,approve,False,74
192,Sudan,Male,30,Primary,Advanced,5,4,nationality,violence,False,0.3507035221652562,False,0.7405315480333128,0.8258545080269741,0.867065513276148,approve,False,46
193,Syria,Non-binary,57,Secondary,Intermediate,4,6,political_opinion,violence,False,0.11894675282141767,False,0.809369827306462,1.0,0.40796052978635877,approve,False,85
194,Iraq,Female,19,Secondary,Basic,2,3,nationality,discrimination,True,0.1387031410426143,False,0.6895326217932177,0.7121545863830349,0.718482101352262,approve,False,75
195,Iraq,Male,37,Tertiary,Intermediate,1,4,religion,discrimination,True,0.5514589540812305,False,0.9926143690922175,0.6475653122149742,0.7317639128285767,approve,False,96
196,Afghanistan,Female,18,Tertiary,Basic,6,7,race,discrimination,True,0.15817396800859032,True,0.3360411894197187,0.8763448961832897,0.5739198025281564,deny,False,98
197,Afghanistan,Male,54,Secondary,Intermediate,1,0,political_opinion,violence,True,0.12699742341060608,False,0.391960519470649,0.890456389022341,0.4700609757012891,deny,False,43
198,Myanmar,Non-binary,26,Secondary,Intermediate,1,0,nationality,detention,False,0.4705971813547094,False,0.6756182741984776,0.820090216181014,0.7794712300453637,approve,True,143
199,Eritrea,Male,34,Secondary,Basic,5,3,social_group,sexual_violence,True,0.35078293144288714,False,0.8145950281315563,0.8755078734457592,0.8906009201041876,approve,False,52
200,Sudan,Male,26,None,Intermediate,5,2,race,discrimination,True,0.15931116351954017,True,0.36515279525916056,0.7636285081464285,0.2982718191874032,deny,False,90
201,Iraq,Male,28,Tertiary,Basic,2,9,religion,detention,True,0.33249374631069284,False,0.24885514904593642,0.70631570997416,0.2897069300154899,deny,False,52
202,Somalia,Male,32,Tertiary,Basic,4,1,nationality,threats,False,0.1461370974539584,True,0.7856769109328813,0.7765434572894796,0.5972713990586376,approve,False,56
203,Iraq,Male,41,Secondary,Intermediate,2,2,religion,discrimination,False,0.4651232097633907,True,0.7865485835554071,0.5503566999457227,0.7480598856818492,approve,False,83
204,Syria,Female,55,Primary,Intermediate,3,0,religion,sexual_violence,True,0.45920564473097003,False,0.5364687389800855,1.0,0.6556106599109224,deny,True,90
205,Myanmar,Male,52,Primary,Fluent,1,0,political_opinion,threats,False,0.37980092982329144,True,0.6521690598918605,0.7333134836021761,0.5477015473314721,approve,False,118
206,Eritrea,Male,47,Secondary,Intermediate,6,5,political_opinion,threats,True,0.35424915918705246,False,0.6045384420547988,0.7288989261819778,0.6160331947601971,approve,False,106
207,Somalia,Non-binary,48,None,Intermediate,1,4,nationality,sexual_violence,True,0.5641782187301061,True,0.616580297621091,1.0,0.4477463458809466,approve,False,45
208,Myanmar,Male,22,Tertiary,Intermediate,1,7,social_group,discrimination,True,0.2999529491082338,False,0.7060527085725489,0.6435670276823972,0.7301221026959794,approve,False,70
209,Venezuela,Non-binary,61,None,Basic,2,1,nationality,violence,True,0.12271888118687982,True,0.5741095878463279,0.8503467372945874,0.6680036511084906,deny,False,84
210,Eritrea,Female,31,Primary,Fluent,6,3,social_group,sexual_violence,True,0.367421086924846,True,0.3718060005643413,0.9257940752707591,0.4333048305344327,deny,False,90
211,Iraq,Male,28,Tertiary,Intermediate,6,7,religion,sexual_violence,False,0.6129070574305671,True,0.67147222023083,0.8477634618603603,0.6265192687325506,approve,False,115
212,Iraq,Non-binary,26,Secondary,Advanced,6,5,race,sexual_violence,True,0.14778607602212218,True,0.6310919058633425,0.8780628552505229,0.4354546351193151,approve,False,110
213,Eritrea,Non-binary,51,Primary,Basic,2,0,nationality,threats,True,0.24578058499590213,True,0.5615488982441261,0.749582461766033,0.5568456504542665,deny,False,116
214,Iraq,Female,29,Primary,Intermediate,1,3,nationality,detention,True,0.3624669057152179,True,0.6192928362264791,0.8296265153658882,0.6145447969435496,approve,False,78
215,Sudan,Male,52,None,Intermediate,2,0,social_group,violence,True,0.2919142726491391,False,0.719676566984365,0.8704818059341997,0.4485023633129199,approve,False,102
216,Eritrea,Male,52,Secondary,Advanced,5,1,religion,discrimination,False,0.15265446294340282,True,0.5210994842509914,0.6678486379633463,0.4881234218047694,deny,False,81
217,Myanmar,Non-binary,18,None,None,5,4,religion,discrimination,True,0.4682786784345706,False,0.40682372144961276,0.7340639211028098,0.3992284922716133,deny,False,31
218,Eritrea,Male,57,Secondary,Intermediate,2,7,social_group,detention,True,0.6480061083025889,True,0.8337504634817559,0.7481053459141584,0.6165182498004924,approve,True,108
219,Somalia,Non-binary,39,Tertiary,Fluent,6,7,religion,sexual_violence,False,0.32941971885358606,False,1.0,1.0,0.8114045913143768,approve,False,115
220,Iraq,Male,46,Primary,Intermediate,1,2,political_opinion,violence,True,0.16438975653959995,False,0.6277351043359787,0.8092128322598087,0.3916351303201325,approve,False,72
221,Sudan,Non-binary,25,Tertiary,Intermediate,2,3,race,discrimination,True,0.06765592124197875,False,0.8486687906528775,0.8161413447492756,0.786727052298116,approve,False,106
222,Sudan,Male,28,Tertiary,Basic,2,9,nationality,discrimination,True,0.3386963971831771,True,0.4294205811156452,0.7055899579101693,0.6169739491909545,deny,False,37
223,Venezuela,Female,58,None,Fluent,2,5,race,sexual_violence,True,0.46558160149743866,True,0.3412065693530464,0.9003578600298334,0.35156861079525603,deny,False,88
224,Myanmar,Male,54,Tertiary,None,3,9,nationality,detention,False,0.3712751619743072,False,0.726716156367255,0.7758997388195726,0.40328940820300074,deny,False,94
225,Afghanistan,Male,31,Secondary,Advanced,5,2,political_opinion,violence,False,0.2996394238621719,True,0.7991659559527895,0.9013102376387018,0.7987822554379931,approve,False,110
226,Afghanistan,Female,47,Tertiary,Advanced,6,1,religion,detention,True,0.21160925223160407,True,1.0,0.9348217837367043,0.9134986356198245,approve,False,41
227,Eritrea,Male,52,Secondary,Basic,4,5,social_group,detention,False,0.13617545509228654,True,0.44398956665453754,0.7459541331168655,0.37651360792776356,deny,False,33
228,Venezuela,Female,38,Secondary,Intermediate,6,4,political_opinion,violence,True,0.4252126989487323,True,0.8279853209293129,0.6414787132060972,0.6434611167236832,approve,False,106
229,Syria,Male,54,Secondary,Basic,4,9,race,violence,True,0.43706574320783786,True,0.930322676081578,0.960530041964882,0.5370827976539286,approve,False,70
230,Eritrea,Non-binary,22,Tertiary,Basic,3,4,social_group,discrimination,True,0.06814053199639003,False,0.7629558412535898,0.7055761959944818,0.6616710715536576,approve,False,36
231,Venezuela,Non-binary,36,Secondary,Advanced,2,9,religion,discrimination,True,0.5384758467271026,True,0.8414872258386573,0.709633499914144,0.5928171624801593,approve,False,116
232,Myanmar,Male,31,Secondary,Advanced,3,4,political_opinion,violence,True,0.3861106831341002,False,0.8012834121236525,0.8009672035405877,0.64013379937687,approve,True,154
233,Myanmar,Male,43,Tertiary,Intermediate,3,9,social_group,threats,True,0.5099391967718689,True,0.5643677814311131,0.6405518290232519,0.6588380324318648,deny,True,121
234,Myanmar,Male,21,Primary,Intermediate,1,4,political_opinion,discrimination,False,0.09868083772723274,True,0.9033359403565522,0.6475059922935941,0.7053807693463603,approve,False,98
235,Myanmar,Non-binary,42,Primary,Basic,5,2,political_opinion,threats,True,0.09512637668768417,False,0.5083713540292402,0.7276939457468747,0.5179335673428702,deny,False,110
236,Myanmar,Male,62,Primary,Basic,4,6,religion,violence,True,0.27765460353490545,True,0.6756724884574525,0.8236703707856232,0.4840831218202835,approve,False,59
237,Venezuela,Non-binary,59,Primary,Basic,2,5,nationality,discrimination,True,0.3754176640342791,False,0.3655448540143119,0.6445473682169741,0.43391943751215944,deny,False,102
238,Venezuela,Female,42,Primary,Basic,4,3,social_group,detention,True,0.5694541234390444,False,0.4230810503238329,0.7978919815554134,0.33157831128439774,deny,False,35
239,Sudan,Non-binary,35,Tertiary,Intermediate,6,1,religion,violence,True,0.40591183707226974,True,1.0,0.8904559104152716,0.631403947381444,approve,False,118
240,Somalia,Non-binary,57,Primary,Intermediate,4,8,political_opinion,sexual_violence,True,0.263597808478195,False,0.6479046566563236,1.0,0.6859508040534483,approve,False,48
241,Afghanistan,Female,25,Secondary,Intermediate,6,0,religion,threats,False,0.1460446188501162,True,0.9679913214063817,0.8317489102286683,0.5612052670562119,approve,False,109
242,Iraq,Non-binary,56,Primary,Basic,5,3,nationality,violence,True,0.4845000859078725,False,0.5882654011412223,0.8650747390962357,0.598027598940691,deny,False,114
243,Myanmar,Male,57,Tertiary,Intermediate,6,0,social_group,violence,True,0.15529418613739276,True,0.5237153340563213,0.825943559022006,0.6517871135518639,deny,True,123
244,Syria,Male,31,Tertiary,Advanced,4,5,nationality,discrimination,True,0.5442702832158482,False,0.9838101399597581,0.8247902510513785,0.6789403548474529,approve,False,39
245,Iraq,Non-binary,49,Secondary,Basic,4,3,race,discrimination,True,0.2573423025590236,True,0.5615161523366589,0.680080951567847,0.49280303575846923,deny,False,45
246,Venezuela,Male,55,Tertiary,Fluent,6,4,social_group,discrimination,True,0.5385873108926775,False,1.0,0.5707386445394395,0.7132828480521722,approve,False,66
247,Syria,Non-binary,50,None,Advanced,3,4,nationality,sexual_violence,False,0.4018396935088917,False,0.6537816301310123,1.0,0.7284819541935531,approve,False,108
248,Syria,Male,40,Tertiary,Basic,5,8,political_opinion,discrimination,True,0.27945067658363126,False,0.46853226580856944,0.7857452871478993,0.7356037126561674,deny,False,106
249,Syria,Male,32,Primary,Advanced,1,0,social_group,violence,True,0.222090544226081,False,0.7746442148055853,0.9569322591855042,0.7885401280238842,approve,False,106
250,Sudan,Non-binary,50,Tertiary,Intermediate,2,1,social_group,discrimination,True,0.24886381839808802,False,1.0,0.7256936850409295,0.5489336186275919,approve,False,61
251,Venezuela,Male,42,None,Intermediate,4,5,religion,detention,True,0.3642475038562856,False,0.6739479687771689,0.6065869519200834,0.6972408497248079,approve,False,76
252,Syria,Non-binary,34,Secondary,Intermediate,2,4,political_opinion,discrimination,True,0.3115734744326575,True,0.7413723370491805,0.8848906646546653,0.6549561378544513,approve,False,101
253,Myanmar,Male,50,Secondary,Intermediate,1,6,race,sexual_violence,False,0.21092828878969422,True,0.9113015102935347,0.9051966773350953,0.6670867181995528,approve,False,72
254,Eritrea,Male,64,Primary,Intermediate,2,2,nationality,detention,True,0.27515528845235515,True,0.7316002697804665,0.7371859587874213,0.3465851783359717,approve,False,111
255,Syria,Female,19,Primary,Intermediate,1,2,religion,violence,False,0.31178655445787246,True,0.7314301345394191,1.0,0.4775683381257395,approve,False,65
256,Sudan,Female,31,None,Intermediate,6,9,nationality,violence,True,0.0,True,0.43625622417613463,0.9296557377747812,0.6678507898267702,deny,False,55
257,Iraq,Non-binary,57,Primary,Intermediate,3,1,race,threats,False,0.36872521721830476,False,0.7350772038684397,0.7032621664577838,0.5499001290522341,approve,False,39
258,Venezuela,Female,57,Secondary,Intermediate,4,2,race,detention,True,0.15304181629247898,True,0.9053165124625417,0.7647485727854411,0.5570772159231905,approve,False,60
259,Somalia,Non-binary,56,Primary,Advanced,1,9,social_group,threats,True,0.12700013951913824,False,0.6245906771849963,0.8051371177410678,0.4834439004599818,approve,False,58
260,Sudan,Female,23,Primary,Basic,2,0,race,detention,True,0.046898347933393425,True,0.813674373187042,0.9640469788333363,0.7986581260336605,approve,False,34
261,Syria,Male,23,None,Basic,4,4,nationality,detention,False,0.030916125319816468,True,0.48624409637823107,0.866728885093527,0.6255258169418467,deny,False,106
262,Venezuela,Non-binary,20,Tertiary,Advanced,3,4,political_opinion,sexual_violence,True,0.0966828745331566,False,0.7168345732692188,0.8660951742719071,0.5099457024658349,approve,True,56
263,Eritrea,Non-binary,24,Primary,Intermediate,6,6,political_opinion,threats,True,0.19364685635542644,False,0.8496448115380366,0.7165000701303061,0.5240015178430212,approve,False,116
264,Syria,Male,25,Primary,None,4,3,social_group,sexual_violence,True,0.5929888706289852,False,0.4569808646392595,1.0,0.4264487773704754,deny,False,32
265,Sudan,Non-binary,59,None,Basic,1,2,nationality,detention,False,0.2211180486157194,False,0.6139272331229162,0.9135972303907249,0.6767306165282028,approve,False,96
266,Afghanistan,Non-binary,32,Secondary,Basic,3,0,nationality,violence,True,0.3266625159402047,True,0.6062362051612195,0.9992101036002948,0.6579871600615328,approve,False,100
267,Myanmar,Female,64,Tertiary,Fluent,2,7,race,detention,False,0.3600722079759493,False,0.8910260784705144,0.8002785739100103,0.6040882291718332,approve,True,91
268,Somalia,Non-binary,46,Primary,Intermediate,3,2,nationality,sexual_violence,True,0.3196597779323773,True,0.7740340306501436,1.0,0.6853139092798992,approve,False,44
269,Iraq,Male,50,Primary,Fluent,3,1,religion,threats,True,0.28838348089110094,True,0.8436345586385008,0.5908471907632806,0.5981508440397207,approve,False,96
270,Sudan,Female,47,Secondary,Intermediate,5,3,race,threats,True,0.1207059354601133,False,0.4506702329322392,0.8373618372451908,0.6345394727292722,deny,False,59
271,Venezuela,Female,56,Secondary,Intermediate,3,2,religion,sexual_violence,False,0.5176391322418817,True,0.5818134389858413,0.9014706550477662,0.5220398753144365,deny,False,111
272,Somalia,Male,44,Primary,Intermediate,3,0,social_group,threats,True,0.5710794965456827,True,0.8394114977186222,0.8398350963535371,0.5310351887663958,approve,True,130
273,Somalia,Male,53,Secondary,Intermediate,4,2,political_opinion,discrimination,False,0.047601195881597114,False,0.7301795116647679,0.7507591471270216,0.44084071174038947,approve,False,72
274,Somalia,Female,46,Tertiary,Basic,2,1,social_group,violence,True,0.14639571136704307,False,0.6214403045842867,0.9512596712038579,0.6004626375776192,approve,False,89
275,Syria,Non-binary,55,Primary,Advanced,4,7,political_opinion,violence,True,0.2580284486434491,True,0.5462138977113788,1.0,0.678827932027173,deny,False,69
276,Myanmar,Female,50,Secondary,Advanced,4,5,social_group,violence,True,0.1553193307634713,True,0.6380395518086228,0.9009690618849012,0.4928423836796429,approve,False,94
277,Syria,Male,54,Secondary,Intermediate,1,8,nationality,threats,True,0.3758948330183798,True,0.44673020400570784,0.7339842200884787,0.6179371205745419,deny,False,58
278,Venezuela,Female,44,Secondary,Fluent,4,7,religion,threats,False,0.19075916963900802,True,0.83480789219477,0.7391314913158259,0.7881328200808884,approve,False,103
279,Syria,Male,50,None,Advanced,5,9,political_opinion,detention,False,0.6247584101709903,False,0.560234362912843,0.8987883583065154,0.43750443661361427,deny,False,48
280,Afghanistan,Female,21,None,Intermediate,5,2,race,detention,False,0.4785822891515394,True,0.45501181635220267,1.0,0.31654102586737803,deny,False,32
281,Myanmar,Non-binary,39,Tertiary,Basic,1,4,religion,violence,False,0.3318861045948322,False,0.689781486224807,0.8252364740578597,0.493794357689733,approve,False,65
282,Myanmar,Female,19,Tertiary,Intermediate,6,6,race,discrimination,True,0.45404793949795985,True,0.8545955946279107,0.5911648093401999,0.7418072399615689,approve,True,131
283,Venezuela,Female,27,Secondary,Intermediate,2,4,religion,detention,True,0.46588506365359633,False,1.0,0.7639541929172593,0.634153609501973,approve,False,44
284,Iraq,Male,22,Secondary,Basic,2,7,religion,detention,False,0.2154078767912635,True,0.4232174870655179,0.7145781838340987,0.4435096487426504,deny,False,70
285,Afghanistan,Male,27,Secondary,Basic,4,4,social_group,threats,True,0.1775674133187053,False,0.8239071564950783,0.7154664186196774,0.6845282432863156,approve,False,119
286,Sudan,Male,50,Secondary,Advanced,4,0,political_opinion,discrimination,False,0.3117214594454471,True,0.9459652341522609,0.6510750227066696,0.7828590753266838,approve,False,109
287,Syria,Female,55,Primary,Basic,6,4,political_opinion,violence,False,0.42924541867469157,False,0.4831360890934949,1.0,0.32426121065533386,deny,False,65
288,Eritrea,Non-binary,30,None,Intermediate,4,3,religion,detention,True,0.32085905979801266,True,0.6304853931879046,0.8147194692923098,0.5861692908147179,approve,False,113
289,Syria,Male,48,Tertiary,Fluent,2,5,nationality,discrimination,False,0.06345052767135043,True,0.8313550125993576,0.8365479488188108,0.652285454411107,approve,False,106
290,Somalia,Male,64,Primary,Advanced,3,2,nationality,discrimination,True,0.17957633340737367,False,0.7778532870628109,0.7174670086315809,0.5617578546994545,approve,False,62
291,Syria,Female,53,Tertiary,Basic,5,4,race,violence,True,0.28890407046084327,False,0.9263696520106826,0.9454848550573423,0.7950349745052169,approve,False,34
292,Sudan,Male,62,Primary,Advanced,3,1,race,discrimination,True,0.2886501593511254,False,0.8408409348946969,0.6914870876602047,0.4507219376894513,approve,False,107
293,Syria,Non-binary,41,None,None,3,5,social_group,discrimination,True,0.5958813265184713,False,0.4762912559850162,0.8667197719856946,0.6793633688389411,deny,True,138
294,Afghanistan,Non-binary,32,Primary,None,2,5,religion,discrimination,True,0.0921018086401503,False,0.43545360200680355,0.8100060880665814,0.6341899547385252,deny,False,43
295,Afghanistan,Male,46,Secondary,Intermediate,3,4,race,detention,True,0.3758383862753812,True,0.5273915002613497,0.8442679582246805,0.5704477829269807,deny,True,133
296,Myanmar,Male,25,Tertiary,Intermediate,6,5,race,violence,False,0.5233669662492434,True,0.7687297684189388,0.8132134135822817,0.7301601983857471,approve,False,112
297,Venezuela,Female,22,Primary,Intermediate,1,6,religion,discrimination,False,0.6407174618134194,True,0.8809912232295872,0.6424941524373096,0.6429178705867832,approve,False,76
298,Iraq,Non-binary,46,Tertiary,Intermediate,4,4,social_group,discrimination,True,0.2393403865224058,False,0.5709248215115528,0.6167996916026317,0.42087182013472807,deny,False,83
299,Eritrea,Non-binary,64,Secondary,Basic,1,0,race,detention,True,0.37371441790802995,True,0.4917365947734957,0.8543092395780969,0.49728644830125945,deny,False,33
300,Somalia,Male,21,Tertiary,Basic,5,7,social_group,violence,False,0.385464053579797,True,0.7189401604351102,0.8025314122338789,0.617444986848293,approve,False,112
301,Syria,Female,29,Primary,Intermediate,4,3,political_opinion,threats,True,0.3293222597329936,False,0.5523017822729106,0.84748212713579,0.6423849188405601,deny,False,38
302,Syria,Non-binary,62,Tertiary,Advanced,3,8,social_group,detention,True,0.2851732198141041,False,0.7311214829327181,1.0,0.473362391298769,approve,False,82
303,Sudan,Non-binary,19,Secondary,Intermediate,5,9,nationality,violence,True,0.36539630842500687,True,0.6864602127407734,0.9553510136067678,0.7459021446036724,approve,False,106
304,Venezuela,Female,44,Primary,Basic,4,5,nationality,discrimination,True,0.0,True,0.3951573893714776,0.6471302317462981,0.5415823317502504,deny,False,107
305,Afghanistan,Female,48,Primary,Intermediate,6,0,social_group,violence,True,0.40231042350939467,True,0.5538817230675447,0.9302275747622464,0.3814279686576531,deny,False,89
306,Eritrea,Non-binary,53,Tertiary,Basic,6,2,nationality,violence,False,0.31892668554929504,True,0.8055141875180962,0.8446044529662962,0.5992701284318671,approve,False,75
307,Myanmar,Non-binary,53,Tertiary,Basic,6,2,political_opinion,violence,True,0.2666287654832602,True,0.5038945326653553,0.8668626626156747,0.6012430921064531,deny,False,83
308,Afghanistan,Female,43,None,Advanced,6,9,religion,threats,True,0.6070293293579336,False,0.41031917982577437,0.8202053015712943,0.636067210908933,deny,True,124
309,Somalia,Non-binary,60,Secondary,Basic,3,3,nationality,violence,True,0.19875989718141715,False,0.5554962530699159,0.9430485670988383,0.47718017947632707,deny,True,100
310,Venezuela,Male,44,Tertiary,Basic,1,5,nationality,threats,True,0.23953860164024537,False,0.8097933253764769,0.632616516908834,0.8303877870545397,approve,False,52
311,Somalia,Male,22,Tertiary,Intermediate,4,6,social_group,discrimination,True,0.5987329953307101,True,0.7704617288004665,0.8213652682144608,0.5409663521121914,approve,False,56
312,Iraq,Female,37,Tertiary,Intermediate,3,9,political_opinion,threats,False,0.17519080427252148,False,0.7303128382826571,0.7290282623670725,0.6449360427797981,approve,False,99
313,Myanmar,Female,28,Secondary,Intermediate,6,3,religion,discrimination,False,0.21748270755951915,True,0.756653819627341,0.7878244177158048,0.8221002920785245,approve,False,119
314,Iraq,Female,27,Secondary,Basic,1,5,social_group,discrimination,True,0.2779461864853725,False,0.3881438850710522,0.6042969964706266,0.6680459549027669,deny,False,95
315,Sudan,Male,57,Primary,Basic,5,0,social_group,threats,False,0.4261101723194324,False,0.6742058480662548,0.7829725620556806,0.6182531610420886,approve,False,90
316,Somalia,Non-binary,55,Primary,Basic,5,7,political_opinion,detention,False,0.331170376102997,True,0.6575152547105466,0.8898025792636259,0.6923126064473925,approve,False,106
317,Sudan,Male,23,Secondary,Basic,5,6,religion,sexual_violence,False,0.10610619792716061,True,0.5886037288856418,0.9153672808353985,0.4023793697653213,deny,True,128
318,Syria,Non-binary,25,Secondary,Intermediate,6,8,political_opinion,violence,True,0.22017471553092155,False,0.9008886767694625,1.0,0.8492106040480384,approve,False,79
319,Iraq,Male,40,Primary,Advanced,5,2,religion,sexual_violence,True,0.2088968350181683,True,0.5808755851570442,0.8660207004891918,0.5320267681114799,deny,False,48
320,Venezuela,Non-binary,64,Tertiary,Advanced,2,1,political_opinion,violence,True,0.28841684321654315,False,1.0,0.736278217583004,0.5056183192570008,approve,False,30
321,Somalia,Male,43,Secondary,Advanced,4,0,social_group,violence,True,0.36387654879447434,True,0.8231740498392877,0.9313803148780916,0.5793032687582479,approve,False,69
322,Eritrea,Female,63,Secondary,Intermediate,4,2,social_group,discrimination,True,0.3627308633831958,False,0.699517111518274,0.7360246268351732,0.4869942478128644,approve,False,61
323,Myanmar,Male,60,Secondary,Intermediate,6,4,race,violence,True,0.033598236892739664,True,0.7470189546947532,0.7920847260995167,0.4564272408625454,approve,False,51
324,Afghanistan,Non-binary,29,Secondary,Intermediate,2,1,nationality,violence,False,0.4595911481341284,True,0.7339102851283588,0.9708073053420395,0.5875054341722289,approve,False,95
325,Venezuela,Male,43,Primary,Intermediate,3,2,political_opinion,threats,False,0.3378853268994935,False,0.8830424344626575,0.5577163447752943,0.5614940824994342,approve,False,69
326,Venezuela,Male,30,Primary,Intermediate,3,3,race,sexual_violence,False,0.5076798071390859,True,0.538498130879348,0.7492950517046664,0.5052985300039101,deny,False,67
327,Sudan,Male,57,None,Basic,5,6,nationality,threats,True,0.3666297490936008,True,0.3856221141280103,0.7468675888939089,0.45744808575371887,deny,False,77
328,Iraq,Female,35,Primary,Intermediate,1,2,political_opinion,violence,True,0.46519844366036434,True,0.8554454338108719,0.8620620124203364,0.7189196567607743,approve,False,84
329,Somalia,Male,42,Secondary,Fluent,3,8,religion,discrimination,True,0.369981796717519,True,0.7606697597224211,0.7542252572846432,0.602955408383333,approve,False,104
330,Somalia,Female,50,Secondary,Basic,1,7,nationality,threats,True,0.5019338634304122,True,0.7850799615997387,0.9398997274806118,0.7268985504684553,approve,False,110
331,Syria,Female,64,None,Basic,4,3,social_group,threats,True,0.37833759540266676,True,0.7549153974513064,0.9961754308023684,0.693655861823564,approve,False,84
332,Syria,Male,57,Secondary,Intermediate,1,0,race,detention,True,0.28531271303356437,False,0.6897307459587549,0.8474688339086099,0.652893701830175,deny,False,80
333,Myanmar,Male,60,Primary,Advanced,4,0,nationality,violence,True,0.6408652080670323,True,0.8522043489862958,0.8434386250295385,0.5308248775844472,approve,False,89
334,Sudan,Male,29,Tertiary,Intermediate,2,0,nationality,discrimination,False,0.4333555683419838,False,0.6269461577990212,0.6406831786445072,0.7142696159689157,approve,False,37
335,Venezuela,Non-binary,61,Tertiary,Intermediate,2,0,social_group,threats,True,0.3860616631506619,True,0.9132099947101713,0.7093927944068867,0.4775046423022604,approve,False,115
336,Somalia,Male,53,Primary,Basic,6,7,political_opinion,threats,False,0.10855433751924962,True,0.629913597898015,0.8309869392351434,0.40123549153857957,approve,False,97
337,Eritrea,Female,21,Secondary,Intermediate,6,2,religion,discrimination,True,0.10675385738046933,False,0.8209557423240322,0.6544341554168747,0.5866331117440765,approve,False,104
338,Sudan,Male,22,None,Intermediate,5,5,social_group,violence,True,0.343907322321278,True,0.5031641891946907,0.8546489623264705,0.6500609090097849,approve,False,101
339,Myanmar,Non-binary,54,Secondary,Advanced,3,2,religion,detention,True,0.32182817966523614,False,0.5508374876649241,0.8065751943319842,0.4103028653914618,deny,False,38
340,Myanmar,Male,25,Secondary,Intermediate,5,4,political_opinion,threats,True,0.20788161524875257,True,0.8254878097124257,0.6620617371032312,0.498353630301585,approve,False,119
341,Sudan,Non-binary,59,Primary,Basic,4,6,nationality,detention,True,0.321147404941809,False,0.29048952712808174,0.9475426165349503,0.23173676779091762,deny,False,31
342,Myanmar,Non-binary,45,Secondary,Basic,5,1,religion,sexual_violence,True,0.5382940392065394,False,0.6023974261636198,0.897316042968129,0.7273141007344228,approve,False,109
343,Sudan,Male,48,Primary,None,1,5,race,violence,True,0.40431037118254476,False,0.6411772799629953,0.8096811535440975,0.635698511598399,approve,False,99
344,Afghanistan,Female,26,Primary,Intermediate,4,5,race,sexual_violence,True,0.12884872353708926,False,0.7287846603809554,1.0,0.5413657580718014,approve,False,114
345,Sudan,Non-binary,46,Secondary,Basic,6,2,social_group,sexual_violence,True,0.28327367592855845,False,0.9422513967184719,1.0,0.7361617459615185,approve,False,119
346,Iraq,Male,31,Primary,Intermediate,2,5,political_opinion,sexual_violence,False,0.17925502787211586,True,0.853766372887266,0.7929175706994936,0.7296812552679037,approve,False,88
347,Sudan,Male,57,Secondary,Intermediate,6,9,social_group,violence,True,0.24184501253871582,True,0.6519152417511636,0.9083185272834626,0.5972262023624442,approve,False,48
348,Myanmar,Female,58,Secondary,Basic,3,9,social_group,violence,False,0.2379576501555536,False,0.6540970069777158,0.9265487830982044,0.4234852531311614,approve,False,57
349,Somalia,Non-binary,39,Tertiary,Basic,4,4,social_group,discrimination,True,0.2283531626093992,True,0.6928943946183346,0.7210894340134284,0.8000618098679501,approve,True,142
350,Iraq,Non-binary,28,Primary,Basic,4,1,race,detention,False,0.11172969420399076,True,0.36267348549808087,0.7535266518246496,0.42881681903123753,deny,False,43
351,Myanmar,Male,40,Secondary,Advanced,1,8,race,detention,False,0.2808517977722715,False,0.658940162527347,0.721907895032415,0.712657298030005,approve,False,53
352,Syria,Male,18,Secondary,Basic,3,7,social_group,discrimination,True,0.21590885447290348,True,0.565885863953021,0.823968047671471,0.3356613469872372,deny,False,73
353,Syria,Female,63,Primary,Intermediate,2,2,race,discrimination,True,0.0,False,0.39456692457160947,0.7687591471812943,0.34688962178630267,deny,False,85
354,Somalia,Female,54,Tertiary,Advanced,4,7,political_opinion,sexual_violence,False,0.6079458036752494,False,0.8571240202377465,1.0,0.5749621067071934,approve,False,119
355,Somalia,Non-binary,38,Secondary,Intermediate,4,8,social_group,discrimination,True,0.4633154481325008,False,0.7126392233020439,0.8565513047447104,0.6853066036111662,approve,False,80
356,Iraq,Non-binary,43,Secondary,Advanced,1,2,race,threats,True,0.24355489126125057,False,0.5490659148032638,0.7374438401958845,0.4030065849178984,deny,False,61
357,Afghanistan,Male,63,Secondary,Intermediate,5,2,religion,detention,True,0.3028228574610898,True,0.8106319297915998,0.9090783858209575,0.6803053214070833,approve,False,79
358,Somalia,Non-binary,53,Tertiary,Fluent,2,1,social_group,discrimination,False,0.12425184790236574,True,1.0,0.9471827026406312,0.5842551778498846,approve,False,70
359,Syria,Female,40,Tertiary,Basic,6,7,social_group,threats,False,0.5543584316716298,False,0.7340551718297332,0.9935373322294201,0.7358657661132688,approve,False,95
360,Sudan,Female,18,Secondary,Basic,3,9,political_opinion,threats,True,0.5845933042159668,True,0.6013897737186545,0.8974406548235809,0.664697901642242,approve,False,54
361,Myanmar,Male,57,Secondary,Intermediate,4,0,nationality,threats,True,0.32350405923697867,False,0.8387163227627782,0.706534501223219,0.6345230258874308,approve,True,113
362,Syria,Female,32,Primary,Fluent,4,7,nationality,threats,True,0.4535295966278017,False,0.9020330540715036,0.9429237123316525,0.8400236471745386,approve,True,120
363,Syria,Female,38,Primary,Advanced,6,6,political_opinion,sexual_violence,True,0.32629301684008855,False,0.7961105354579533,1.0,0.7660454819263265,approve,False,71
364,Afghanistan,Female,64,Secondary,Basic,2,6,political_opinion,threats,False,0.09949118416861039,True,0.5263081624347858,0.8586944004142729,0.3870208981204317,deny,False,94
365,Iraq,Female,26,None,Basic,5,2,political_opinion,sexual_violence,True,0.2382264946554514,False,0.5414901148266771,0.8656492950150252,0.6887108901155256,deny,False,65
366,Iraq,Male,26,Secondary,Fluent,4,0,nationality,sexual_violence,True,0.31978919501579356,False,1.0,0.7324722017828509,0.6664519765256398,approve,False,105
367,Venezuela,Male,27,Primary,Basic,2,3,political_opinion,threats,True,0.23181784218848336,False,0.5105056412082405,0.5962064274657488,0.5869731378696174,deny,False,38
368,Afghanistan,Non-binary,43,Primary,Advanced,6,8,race,detention,False,0.2672020083847446,True,1.0,0.8457666211386807,0.8524448099423301,approve,False,65
369,Sudan,Female,58,Secondary,Advanced,1,4,social_group,threats,True,0.2862900663736328,False,0.7211553599021924,0.8595458262071856,0.5086159364573085,approve,False,67
370,Iraq,Non-binary,52,Tertiary,Intermediate,5,0,social_group,threats,True,0.2878682253201808,False,0.8048610520010203,0.7281834695978829,0.545908606704521,approve,False,62
371,Myanmar,Male,42,None,Intermediate,3,4,religion,threats,True,0.30783877357462247,False,0.4991271605990496,0.7073467649193343,0.543389268308749,deny,False,71
372,Somalia,Male,43,Secondary,Intermediate,4,7,religion,detention,True,0.14090924004050986,False,0.7834906253880392,0.8238934214990005,0.7948673621805915,approve,False,90
373,Afghanistan,Male,28,Tertiary,Basic,2,7,social_group,violence,True,0.19244757763080955,True,0.4386667461047087,1.0,0.7074354037001493,deny,False,75
374,Somalia,Male,55,None,Advanced,1,4,race,violence,True,0.10731236014500459,False,0.5680937301774919,0.9680057950090156,0.5309851429292386,deny,False,115
375,Syria,Male,19,Tertiary,Intermediate,3,8,nationality,sexual_violence,True,0.44667233245293003,False,0.6361818199477148,0.9377728749957639,0.6276306386799753,approve,False,118
376,Myanmar,Male,24,Primary,Advanced,2,0,nationality,sexual_violence,False,0.0,True,0.7703007521838436,0.8616434043713449,0.8065726069119603,approve,False,90
377,Myanmar,Male,35,Primary,Basic,2,3,race,detention,False,0.4730385514975388,False,0.7491671063263361,0.7195996928531339,0.5390855830957114,approve,False,47
378,Syria,Female,44,Tertiary,Fluent,3,2,nationality,discrimination,False,0.5079524095894264,False,0.9969009280671827,0.8492760136646292,0.6401632309447676,approve,False,99
379,Afghanistan,Non-binary,51,Primary,Intermediate,1,1,political_opinion,violence,True,0.2546729119526068,False,0.34425109587116615,0.9129963964438033,0.5298318694205281,deny,False,111
380,Syria,Male,44,Secondary,None,6,7,social_group,sexual_violence,False,0.0,False,0.8563104479391821,1.0,0.8205933925120212,approve,False,109
381,Somalia,Female,34,Tertiary,None,1,6,social_group,violence,True,0.2458034157049064,False,0.6442919910931303,0.9659309882465213,0.7948141220551976,approve,False,44
382,Venezuela,Female,60,None,Advanced,5,8,race,detention,True,0.2903723758066771,False,0.53352512892605,0.7983913012012602,0.4365957794552502,deny,False,77
383,Myanmar,Non-binary,61,Secondary,Intermediate,4,1,nationality,detention,True,0.14841026701066298,True,0.7735691878486411,0.8796891107265219,0.39659220748477464,approve,False,101
384,Eritrea,Male,41,Tertiary,Advanced,3,3,religion,discrimination,True,0.22271724092876358,True,0.8764284733754039,0.7186957192605724,0.6913982659842953,approve,False,42
385,Eritrea,Non-binary,42,Primary,Basic,6,5,religion,discrimination,True,0.5295292798295027,False,0.4999726924572654,0.6873806616962947,0.45228291306572765,deny,True,129
386,Somalia,Male,24,Tertiary,None,3,2,nationality,detention,True,0.3997390743452611,False,0.6296875001013112,0.8737682805346006,0.5054964391820314,approve,False,89
387,Sudan,Female,23,Secondary,Intermediate,3,7,religion,sexual_violence,True,0.161315382843285,False,0.6588791568569539,1.0,0.7038872569063553,approve,False,86
388,Iraq,Female,41,Secondary,Intermediate,1,2,race,violence,True,0.06036012456068518,False,0.6893457010964966,0.8262910912448017,0.47166340056323913,approve,False,100
389,Syria,Female,50,Secondary,Intermediate,4,1,race,threats,True,0.2509474023585343,True,0.6470581296367374,0.9114114021303562,0.7041414531326902,approve,False,46
390,Syria,Female,46,Primary,Fluent,5,2,nationality,discrimination,True,0.26798148309743425,False,0.5850993065390521,0.9804760332887985,0.5422502140881457,deny,False,79
391,Sudan,Non-binary,60,Tertiary,Fluent,2,5,religion,threats,True,0.37442987810449746,True,0.9218754705323075,0.8413747937866026,0.6643186177960182,approve,False,61
392,Sudan,Male,39,Tertiary,Fluent,2,1,race,sexual_violence,False,0.21970249311485113,False,0.9877949154774506,0.931798387535587,0.608121715828109,approve,False,51
393,Somalia,Male,43,Secondary,Advanced,3,7,race,discrimination,False,0.37672493630427917,False,0.8772325394114558,0.7088961994086036,0.6401223613932085,deny,True,129
394,Somalia,Non-binary,45,Secondary,Intermediate,4,0,political_opinion,threats,True,0.5902731060090344,True,0.8729887878952851,0.8190357766738903,0.5279330256211953,approve,False,86
395,Sudan,Male,38,Secondary,Intermediate,6,6,political_opinion,sexual_violence,True,0.42232515336663934,True,0.7986510315022303,0.8715275112753945,0.8869350446104789,approve,False,42
396,Myanmar,Female,24,Secondary,Intermediate,1,1,race,violence,True,0.2927867239003841,False,0.6700911752674645,0.8937989306305001,0.7280839869803432,deny,False,76
397,Somalia,Male,34,Secondary,Advanced,4,9,nationality,sexual_violence,False,0.2725274293420058,False,0.9259495796646784,0.8967889996591326,0.7485186478941698,approve,False,116
398,Venezuela,Female,37,Secondary,Basic,4,5,social_group,discrimination,True,0.2464990298730193,True,0.44637236902370975,0.6495077595674807,0.456561395510381,deny,False,91
399,Somalia,Non-binary,58,Secondary,Intermediate,1,1,social_group,detention,True,0.4770961368678217,False,0.614899292623128,0.845574740596575,0.6879131877206207,approve,False,83
400,Syria,Male,37,Secondary,Basic,3,1,race,violence,True,0.20590298310730454,False,0.5053699892865133,0.8939976288765064,0.5285580625768226,deny,False,58
401,Somalia,Non-binary,39,Secondary,Intermediate,4,9,race,threats,True,0.30678340634999735,False,0.9120084088708965,0.9135455624138438,0.6063399933661657,approve,False,51
402,Myanmar,Male,45,None,Advanced,2,7,race,discrimination,True,0.3076796852821628,False,0.7914182771210113,0.6801895260138946,0.6846902090871294,approve,True,124
403,Sudan,Female,57,Primary,Advanced,1,1,nationality,detention,False,0.2247323710782702,False,0.8230957855567492,0.8804061617306567,0.7810336766463405,approve,False,58
404,Syria,Non-binary,24,Secondary,Basic,6,6,political_opinion,sexual_violence,True,0.09413016781738487,False,0.8107894797817696,1.0,0.46299076525569405,approve,False,77
405,Somalia,Male,18,Secondary,Fluent,5,2,race,detention,True,0.3484461755426502,False,0.7181075826382017,0.7986298224236995,0.4853501132140231,approve,False,34
406,Myanmar,Female,49,Secondary,Intermediate,3,7,race,discrimination,False,0.2908494042216925,False,0.802289267979147,0.7313365877029342,0.816294763355822,approve,True,109
407,Venezuela,Non-binary,30,Secondary,None,1,6,religion,discrimination,False,0.3750360704154855,True,0.5312238357425253,0.6622259245822645,0.45235249246844644,deny,True,139
408,Somalia,Non-binary,47,Secondary,Basic,5,7,nationality,detention,True,0.21995995403412494,False,0.7770323155827371,0.9764122845672163,0.48753887831759424,approve,False,112
409,Myanmar,Male,40,Secondary,Basic,5,6,race,sexual_violence,True,0.48312319482195715,True,0.6327163651171703,0.8251734132259015,0.6525900037953614,approve,False,100
410,Venezuela,Male,36,Primary,Basic,6,5,religion,detention,True,0.16848393281822327,True,0.5422585667384878,0.5923253787007609,0.7559266702990415,deny,False,75
411,Sudan,Male,49,Secondary,Fluent,4,6,social_group,discrimination,False,0.5568060426026838,True,0.9311362777841484,0.7133921818933167,0.6832984381912299,approve,False,64
412,Somalia,Female,47,Secondary,Intermediate,6,4,race,discrimination,True,0.03785452352576074,True,0.8814253750786849,0.8088232514687075,0.8818244241338553,approve,True,117
413,Venezuela,Male,46,Tertiary,Advanced,4,6,race,threats,False,0.36521550968353367,False,0.7497482207729798,0.5740873680569398,0.7087108252672463,approve,False,42
414,Syria,Non-binary,62,Secondary,Intermediate,4,0,religion,threats,True,0.3713146023789935,True,0.7408386492971436,0.9962638045218518,0.3716797083173222,approve,False,39
415,Sudan,Non-binary,46,None,Basic,1,0,nationality,violence,True,0.18066643980886765,False,0.34123390495375205,0.9713557714282883,0.6707692717971482,deny,False,95
416,Syria,Male,47,Primary,Intermediate,1,8,race,discrimination,True,0.36365909067915186,False,0.32529084737605907,0.8078987156125725,0.4247026050910713,deny,False,99
417,Eritrea,Male,33,None,Basic,3,4,social_group,threats,True,0.49192780046402385,False,0.5300689447120593,0.6364040499443638,0.5155600199944453,approve,False,101
418,Afghanistan,Non-binary,57,Secondary,Intermediate,4,4,race,detention,True,0.0,True,0.8413358034381948,0.940569828373533,0.6339717090921465,approve,False,54
419,Somalia,Female,36,Primary,Fluent,5,2,social_group,sexual_violence,True,0.3754117211236222,False,0.8393100213630088,1.0,0.6517327595592636,approve,False,73
420,Venezuela,Male,35,Secondary,Intermediate,2,4,political_opinion,detention,True,0.0,False,0.4575657423368449,0.6312183167117232,0.4176092997827989,deny,True,136
421,Afghanistan,Male,18,Secondary,Intermediate,3,2,political_opinion,sexual_violence,False,0.1551502794715188,False,0.6973725854885289,1.0,0.3823775142842251,approve,False,76
422,Afghanistan,Non-binary,31,None,Basic,1,8,social_group,threats,True,0.5443749547351417,False,0.1672478359923378,0.9446372644759103,0.42387533270789723,deny,False,69
423,Venezuela,Male,64,Secondary,None,6,8,nationality,violence,False,0.2127326949911919,False,0.7554551661481277,0.7831866416071737,0.6712131496356023,approve,False,36
424,Sudan,Female,19,Primary,Basic,3,5,race,detention,True,0.1239180053386541,False,0.43709181268228703,0.9152621563265677,0.5123342278963741,approve,False,75
425,Somalia,Non-binary,45,Secondary,Intermediate,3,0,race,detention,True,0.2703093406522977,True,0.9383105414189845,0.9593695849903007,0.9178642790021131,approve,False,52
426,Eritrea,Male,47,Primary,Basic,3,6,political_opinion,detention,True,0.6101859507245329,False,0.7418804465526218,0.8207093644165545,0.5429194083085,approve,False,112
427,Syria,Non-binary,55,Tertiary,Intermediate,3,6,social_group,sexual_violence,True,0.02524766291909608,True,0.6649114471195907,1.0,0.4638608904661442,approve,True,129
428,Myanmar,Male,21,Primary,Intermediate,2,9,race,threats,False,0.14230351325409832,False,0.5300822573098383,0.6749382946104894,0.39593268701751294,deny,True,165
429,Syria,Male,18,Tertiary,Intermediate,6,9,race,detention,True,0.524614752476944,True,0.8525555324579507,0.877572858173607,0.5095047911464572,approve,False,42
430,Myanmar,Male,25,Secondary,Basic,6,3,nationality,detention,True,0.5786553515306598,True,0.5233513944225393,0.761927747688687,0.46627233903017773,deny,False,50
431,Syria,Female,46,Tertiary,Basic,6,7,religion,violence,True,0.2844853163564574,False,0.7153726963237311,0.9854719289026891,0.7404279537817604,approve,False,30
432,Venezuela,Female,56,Secondary,Fluent,4,5,political_opinion,violence,True,0.11414209462100364,False,0.7775758613789622,0.7928370542317903,0.7533330608061641,approve,False,48
433,Eritrea,Non-binary,20,Secondary,Intermediate,5,3,political_opinion,threats,True,0.6143765252713738,True,0.48282623783015494,0.8348273559115126,0.6974510773008488,deny,False,89
434,Somalia,Male,49,Secondary,Intermediate,6,3,religion,threats,False,0.5391663587623795,False,0.4154297971313311,0.690437307441736,0.3790877804911135,deny,False,62
435,Myanmar,Male,27,Secondary,None,3,1,race,discrimination,False,0.40184204816433494,False,0.5840026372741896,0.7267241050897256,0.7404057874410268,deny,False,33
436,Somalia,Female,27,Secondary,Fluent,3,1,nationality,violence,True,0.178139647659387,True,0.7657663380504062,1.0,0.5918942852168116,approve,False,32
437,Somalia,Male,36,Secondary,Intermediate,6,3,nationality,discrimination,True,0.2926455988742945,False,0.6670365274628801,0.7270117692084762,0.5062365430776201,deny,False,81
438,Somalia,Female,63,Secondary,Intermediate,6,4,political_opinion,sexual_violence,True,0.2759459878432754,True,0.8543795758640678,1.0,0.7297618005536934,approve,False,57
439,Iraq,Male,51,None,Advanced,3,7,nationality,discrimination,True,0.34962769569233665,False,0.8260163414948668,0.6001573863453163,0.6934202190268228,approve,False,99
440,Sudan,Non-binary,50,Primary,Basic,4,5,religion,detention,True,0.5176502157197004,False,0.5591182917957286,0.9414995184219341,0.4038253894364304,deny,False,99
441,Syria,Male,40,Secondary,Intermediate,1,3,race,discrimination,True,0.4319125561706104,True,0.6989101939635207,0.8491341571384969,0.6229251520191808,approve,False,84
442,Somalia,Male,45,Secondary,Intermediate,1,6,religion,threats,True,0.13839358845228625,False,0.8250214549670826,0.7299964638408496,0.587768802794803,approve,False,86
443,Syria,Female,49,Secondary,Basic,6,7,social_group,sexual_violence,True,0.5064744675029307,True,0.44645966454506364,1.0,0.5933016933021042,deny,False,116
444,Somalia,Male,24,Secondary,Fluent,2,1,political_opinion,detention,True,0.34696982100197327,False,0.8834729582121545,0.8397186073178378,0.6718985326774263,approve,False,45
445,Myanmar,Male,46,Tertiary,Advanced,6,6,nationality,discrimination,True,0.4030598693788374,False,0.9327828957733231,0.654141628525905,0.9059679934947403,approve,False,53
446,Sudan,Female,25,Primary,Intermediate,6,1,social_group,sexual_violence,True,0.5199811288917904,False,0.8020345312626443,0.9635914049515092,0.48556894826603864,approve,False,98
447,Sudan,Non-binary,18,Primary,Basic,1,1,nationality,sexual_violence,True,0.13326296257296733,True,0.3094870946246302,1.0,0.3686580871614936,deny,False,70
448,Venezuela,Non-binary,20,Primary,Basic,3,7,race,detention,False,0.29462616319403057,True,0.48579670952865894,0.7820030909951288,0.5013644649411688,deny,False,106
449,Iraq,Female,41,Secondary,Intermediate,6,1,race,discrimination,True,0.22028181729611773,True,0.61826051207648,0.6630114418013516,0.6142719124442056,approve,False,76
450,Venezuela,Female,40,Tertiary,Advanced,3,8,race,sexual_violence,True,0.06482108619518162,True,0.864983043161382,0.7832694696544884,0.643796117647379,approve,False,105
451,Venezuela,Female,25,Primary,Basic,3,0,nationality,sexual_violence,True,0.35200649664073796,False,0.6721116869651976,0.8307163684511075,0.7033979172822491,approve,False,98
452,Venezuela,Female,64,Secondary,Intermediate,2,8,social_group,violence,False,0.6767334827376635,False,0.9745065611168973,0.8217251323045652,0.7739871681280631,approve,False,60
453,Venezuela,Female,54,Secondary,Advanced,3,0,race,sexual_violence,True,0.023988338324137104,False,0.725755177944789,0.8620102921973112,0.7572183633976323,deny,False,59
454,Venezuela,Non-binary,20,Secondary,Basic,1,9,social_group,violence,True,0.29515790834257943,False,0.5753641252536179,0.8426566412384121,0.6664687151069719,deny,False,47
455,Eritrea,Non-binary,50,Secondary,Intermediate,4,9,nationality,discrimination,True,0.396081440261216,False,0.922450802831812,0.7694959861090425,0.8234981143410789,approve,False,73
456,Sudan,Female,45,Primary,Basic,4,1,social_group,discrimination,False,0.31846173024842717,False,0.6444865407795457,0.8484784512876453,0.6208698794169594,approve,True,88
457,Venezuela,Male,64,Secondary,Fluent,5,5,nationality,discrimination,False,0.28303079212263893,False,1.0,0.5663427700305218,0.7646410048564402,approve,False,55
458,Somalia,Female,25,Secondary,Intermediate,6,5,nationality,threats,True,0.10511754548312635,False,0.7933092004514755,0.8305350634894505,0.581582386696914,approve,False,89
459,Sudan,Male,51,None,Basic,1,0,political_opinion,discrimination,False,0.3349180114410245,True,0.3264325071930094,0.6902150734426549,0.39853593629231815,deny,False,47
460,Sudan,Female,52,Secondary,Intermediate,3,6,nationality,sexual_violence,False,0.18648540344761105,True,0.550030746783329,1.0,0.44963464709789225,deny,False,118
461,Afghanistan,Female,49,None,Intermediate,4,7,nationality,detention,False,0.0,False,0.3672731626411606,0.9474238535737678,0.4538641992356345,deny,False,85
462,Eritrea,Non-binary,41,Secondary,Advanced,1,1,religion,violence,True,0.4791888330770596,True,0.899307775213771,0.9051545184311872,0.6396692422952488,deny,False,60
463,Venezuela,Male,31,Secondary,Advanced,4,7,race,threats,True,0.4437578729763063,True,0.9782895234630513,0.5840625842376933,0.9531032434298565,approve,False,88
464,Syria,Male,49,Secondary,Intermediate,3,8,political_opinion,discrimination,True,0.30774914652766194,False,1.0,0.7485094075729077,0.6451378512022673,approve,False,31
465,Myanmar,Non-binary,63,Secondary,Basic,4,5,political_opinion,discrimination,False,0.3343612032308554,False,0.7764657998484861,0.7238327967976943,0.3898041351837704,approve,False,68
466,Iraq,Non-binary,60,None,Basic,6,4,political_opinion,detention,True,0.46114770190733423,False,0.6744257866302479,0.7954523721516327,0.5376400382151216,approve,False,90
467,Somalia,Non-binary,33,Secondary,Basic,6,8,religion,detention,True,0.3336509485167124,True,0.5629975501019473,0.8972156140269278,0.43661007999027807,deny,False,92
468,Syria,Non-binary,21,Primary,Intermediate,5,8,nationality,threats,True,0.4356026332141971,True,0.5265376274884215,0.9182144377571665,0.3748323175188008,deny,False,47
469,Eritrea,Male,54,Primary,Advanced,5,0,race,violence,False,0.25537766986892246,False,0.877511899862633,0.7530268379007008,0.5301890870521231,approve,False,46
470,Myanmar,Male,38,Tertiary,Intermediate,4,2,social_group,discrimination,False,0.49679756078609194,False,0.86265211283591,0.7059622458782047,0.7136580879443636,approve,True,122
471,Eritrea,Female,31,None,Basic,1,8,nationality,threats,True,0.34811785888990254,False,0.5161166561511339,0.7852772121205982,0.5568898925269219,deny,False,100
472,Somalia,Female,48,Secondary,Intermediate,6,1,religion,sexual_violence,False,0.3291077915408811,False,0.8081057220949485,1.0,0.7688333193533816,approve,False,83
473,Sudan,Non-binary,35,Secondary,Advanced,1,3,nationality,sexual_violence,True,0.10949083669319518,False,0.8484778223687309,1.0,0.8351809905011378,approve,False,105
474,Myanmar,Non-binary,24,Primary,Advanced,1,3,nationality,threats,False,0.3430433781452563,False,0.9425725289780342,0.7759477017639127,0.6846991863303513,approve,False,64
475,Sudan,Non-binary,27,Primary,Advanced,4,1,religion,discrimination,True,0.17520676237583233,True,0.9442478377225434,0.7295775633726325,0.6654665324049837,approve,False,40
476,Somalia,Female,24,Primary,Basic,1,2,political_opinion,threats,True,0.20425759102072588,False,0.681633052851052,0.7957051061133331,0.5363835919078774,approve,True,125
477,Syria,Female,50,Tertiary,Basic,6,2,political_opinion,discrimination,False,0.17769365575258184,False,0.8268704308844392,0.8263981463486604,0.7546319215570936,approve,False,73
478,Somalia,Female,40,Secondary,Advanced,3,0,race,detention,True,0.14006476021511624,False,0.8771093828637164,0.881308258755067,0.5431012870625659,approve,True,131
479,Syria,Female,38,Primary,Intermediate,5,5,race,threats,False,0.6187157104525443,False,0.6308245401948072,1.0,0.4403156187393081,approve,False,54
480,Myanmar,Female,36,Secondary,Intermediate,3,7,political_opinion,discrimination,True,0.49970085929826047,False,0.863484701236971,0.7557912293613472,0.8578973515511619,approve,False,77
481,Myanmar,Female,36,Secondary,Advanced,1,2,social_group,threats,True,0.5880551253216392,True,0.5908257396711107,0.8194802262045994,0.6214745605497783,deny,False,61
482,Venezuela,Female,53,Primary,Advanced,3,4,nationality,threats,True,0.11656574706666542,False,0.9080837328443825,0.5889789495532436,0.5127288057020405,deny,False,113
483,Eritrea,Non-binary,46,Secondary,Intermediate,6,0,social_group,discrimination,True,0.3106880624866339,True,0.5708215590350947,0.6701016785391368,0.4596978545946956,approve,False,33
484,Venezuela,Non-binary,35,Secondary,Intermediate,6,9,nationality,discrimination,True,0.10597385621938563,False,0.79287049301921,0.6743539888223142,0.890149778446637,approve,False,67
485,Eritrea,Non-binary,19,Tertiary,Intermediate,1,6,political_opinion,violence,True,0.1956457684204404,True,0.6732269062360761,0.8943387056191292,0.7216633813158182,approve,False,92
486,Venezuela,Non-binary,18,Primary,Intermediate,4,9,race,threats,True,0.16228095248751376,True,0.783008347461164,0.67263973606572,0.6999745019311976,approve,False,76
487,Sudan,Female,64,Primary,Intermediate,3,0,race,sexual_violence,True,0.4859376009662342,False,0.6949112161108136,1.0,0.5051402928649704,approve,False,30
488,Myanmar,Male,22,Primary,Advanced,4,8,social_group,threats,False,0.24056554828473603,False,0.5107866062755001,0.7817898903067907,0.53815837870104,deny,False,32
489,Syria,Female,37,Secondary,Advanced,4,7,race,threats,False,0.46025690005410247,False,0.8631049446527719,0.9389478768231474,0.9239112205461208,deny,False,115
490,Eritrea,Male,28,Primary,Advanced,2,6,political_opinion,discrimination,True,0.39061813343827767,True,0.6633118834750934,0.6534684901329034,0.8116329309437522,approve,False,91
491,Somalia,Non-binary,59,Secondary,None,1,9,social_group,threats,False,0.6455458128157183,False,0.6821720081220053,0.8896298459365652,0.4218335644202787,approve,False,93
492,Eritrea,Female,19,Secondary,Advanced,5,6,nationality,threats,True,0.07808336652904138,True,0.8001988533101612,0.9196054817636996,0.7530927964176204,deny,False,46
493,Syria,Non-binary,20,Secondary,Advanced,6,4,race,sexual_violence,True,0.4888849859680198,False,0.8593131478082058,0.9750321867790488,0.5369080398758033,approve,False,107
494,Venezuela,Female,40,Secondary,Intermediate,6,4,religion,discrimination,False,0.47196613056010916,False,0.6063646567477182,0.6841611507394403,0.4993894252812393,approve,False,91
495,Eritrea,Non-binary,29,Tertiary,Advanced,1,4,race,threats,False,0.1539931742959448,False,0.7616001652858957,0.7742598875620468,0.7407915654944748,approve,False,64
496,Iraq,Male,37,Secondary,Advanced,5,0,nationality,detention,True,0.4510700004709739,True,0.7312042045848374,0.728338586309209,0.643053549840383,approve,False,42
497,Sudan,Male,22,Secondary,Intermediate,6,7,social_group,violence,False,0.3504217444539343,False,0.8785053720363833,0.8171313723002638,0.8497341973714472,approve,False,64
498,Myanmar,Male,54,None,Intermediate,1,0,nationality,sexual_violence,True,0.2658785610069888,True,0.8516065631708233,0.8475517484570775,0.46767509065530427,approve,True,109
499,Syria,Female,55,Tertiary,Basic,6,3,religion,threats,False,0.17640967695420007,False,0.5792242372385685,0.9855705289732747,0.5220142369335103,deny,True,87
500,Myanmar,Male,47,Primary,Intermediate,4,8,political_opinion,detention,True,0.19213358228262212,True,0.861527221698652,0.9056455100521921,0.8434480722852807,approve,False,85
